nguyen,6
rodriguez,9
khan,4
lopez,5
santos,6
martinez,8
tanaka,6
mendoza,7
hernandez,9
sidhu,5
abi,3
morales,7
kumar,5
singh,5
sharma,6
yadav,5
gupta,5
patel,5
mishra,6
jain,4
verma,5
pandey,6
tiwari,6
das,3
shah,4
raj,3
choudhary,9
chauhan,7
thakur,6
agarwal,7
roy,3
shukla,6
patil,5
reddy,5
joshi,5
chaudhary,9
ali,3
srivastava,10
shaikh,6
jha,3
soni,4
ansari,6
arora,5
rajput,6
agrawal,7
mehta,5
ahmed,5
ahmad,5
saini,5
tripathi,8
dubey,5
pal,3
ghosh,5
rai,3
malik,5
meena,5
sinha,5
garg,4
bhardwaj,8
jaiswal,7
prakash,7
prasad,6
rao,3
alam,4
anand,5
prajapati,9
hussain,7
rana,4
sahu,4
nair,4
sarkar,6
pathak,6
saxena,6
parmar,6
kapoor,6
goyal,5
krishna,7
ranjan,6
kashyap,7
kaur,4
rawat,5
upadhyay,8
bansal,6
tyagi,5
insan,5
ia,2
jadhav,6
paul,4
pawar,5
chakraborty,11
maurya,6
gautam,6
dutta,5
desai,5
dwivedi,7
kulkarni,8
saha,4
biswas,6
solanki,7
bhatt,5
banerjee,8
mukherjee,9
aggarwal,8
mondal,6
babu,4
rathore,7
nayak,5
vishwakarma,11
shetty,6
mittal,6
goswami,7
smith,5
brown,5
jones,5
williams,8
wilson,6
johnson,7
taylor,6
macdonald,9
martin,6
anderson,8
lee,3
campbell,8
miller,6
white,5
thompson,8
young,5
scott,5
tremblay,8
stewart,7
king,4
robinson,8
moore,5
clark,5
walker,6
leblanc,7
murphy,6
thomas,6
bieber,6
clarke,6
roberts,7
jackson,7
wong,4
kelly,5
davis,5
wright,6
ross,4
reid,4
gagnon,6
harris,6
green,5
lewis,5
rose,4
hill,4
mitchell,8
baker,5
evans,5
wood,4
johnston,8
hall,4
cooper,6
murray,6
cote,4
james,5
edwards,7
mcdonald,8
adams,5
fraser,6
allen,5
watson,6
collins,7
bell,4
kennedy,7
graham,6
turner,6
gray,4
chan,4
parker,6
carter,6
gauthier,8
hamilton,8
bouchard,8
phillips,8
robertson,9
canada,6
simpson,7
cameron,7
bennett,7
davies,6
grant,5
ward,4
hughes,6
morrison,8
morris,6
black,5
ferguson,8
walsh,5
marshall,8
armstrong,9
gill,4
morin,5
cook,4
wang,4
richardson,10
shaw,4
li,2
russell,7
zhang,5
chen,4
liu,3
yang,4
wu,2
huang,5
xu,2
zhao,4
zhou,4
sun,3
lin,3
yu,2
lu,2
hu,2
zhu,3
jiang,5
guo,3
ma,2
he,2
zheng,5
gao,3
tang,4
wei,3
shen,4
song,4
yan,3
cheng,5
luo,3
han,3
shi,3
yuan,4
lau,3
feng,4
liang,5
peng,4
xie,3
fan,3
chang,5
yao,3
ding,4
ye,2
cao,3
tan,3
deng,4
xiao,4
zeng,4
dong,4
cheung,6
jin,3
cai,3
fu,2
gu,2
su,2
du,2
tian,4
yin,3
fang,4
ren,3
tao,3
chou,4
chow,4
zhong,5
hao,3
qin,3
dai,3
yi,2
ho,2
qi,2
chu,3
liao,4
qian,4
xia,3
meng,4
leung,5
xue,3
lei,3
hsu,3
qiu,3
zou,3
tong,4
hong,4
wen,3
mao,3
gong,4
xiang,5
long,4
lai,3
lam,3
cui,3
jia,3
lv,2
kumar,5
hassan,6
mohamed,7
mohammed,8
abbas,5
dubai,5
iqbal,5
ibrahim,7
saeed,5
abbasi,6
khalid,6
sheikh,6
qureshi,7
muhammad,8
ullah,5
ismail,6
abdulla,7
abdullah,8
afridi,6
baloch,6
shahzad,7
saleem,6
mughal,6
ashraf,6
butt,4
hasan,5
rashid,6
raza,4
salem,5
siddiqui,8
mustafa,7
akhtar,6
omar,4
sultan,6
kamal,5
rehman,6
aziz,4
islam,5
awan,4
mohammad,8
rahman,6
mahmoud,7
hamdan,6
khalil,6
raja,4
saleh,5
alkaabi,7
mahmood,7
alhammadi,9
amin,4
haider,6
alsuwaidi,9
aslam,5
boy,3
nawaz,5
mehmood,7
javed,5
mirza,5
mansour,7
bhatti,6
george,6
haddad,6
saif,4
bhatia,6
saad,4
jamal,5
khalifa,7
joseph,6
hameed,6
salah,5
syed,4
habib,5
jan,3
almansoori,10
hussein,7
osman,5
bilal,5
gamal,5
adel,4
khaled,6
mostafa,7
magdy,5
elsayed,7
hamdy,5
tarek,5
sayed,5
samir,5
essam,5
ramadan,7
alaa,4
osama,5
atef,4
emad,4
samy,4
ayman,5
fathy,5
nasser,6
hesham,6
ragab,5
yasser,6
nabil,5
abdo,4
maher,5
soliman,7
sabry,5
mohsen,6
reda,4
hamed,5
salama,6
kamel,5
fawzy,5
hany,4
mamdouh,7
eid,3
taha,4
abdallah,8
said,4
hossam,6
youssef,7
saber,5
amer,4
ezzat,5
nasr,4
sherif,6
gaber,5
ebrahim,7
gomaa,5
ehab,4
galal,5
badr,4
awad,4
amr,3
sobhy,5
medhat,6
fouad,5
helmy,5
shaban,6
elmasry,7
zaki,4
hosny,5
farouk,6
hussien,7
hegazy,6
farag,5
gad,3
yousef,6
yehia,5
fahmy,5
moustafa,8
radwan,6
shawky,6
wael,4
nagy,4
allam,5
sameh,5
emmanuel,8
abubakar,8
samuel,6
abdullahi,9
john,4
bello,5
michael,7
yusuf,5
daniel,6
david,5
musa,4
umar,4
usman,5
victor,6
aliyu,5
peter,5
lawal,5
sunday,6
adebayo,7
abiodun,7
sani,4
idris,5
moses,5
joshua,6
adamu,5
ajayi,5
taiwo,5
suleiman,8
bassey,6
solomon,7
adeyemi,7
francis,7
charles,7
okafor,6
stephen,7
godwin,6
mustapha,8
eze,3
obi,3
babatunde,9
balogun,7
adam,4
gold,4
anthony,7
gabriel,7
samson,6
jay,3
isaac,5
shehu,5
henry,5
ojo,3
prince,6
blessing,8
micheal,7
muhammed,8
baby,4
peters,6
martins,7
precious,8
man,3
isah,4
garba,5
uche,4
haruna,6
kingsley,8
olawale,7
chris,5
olanrewaju,10
adekunle,8
abdul,5
yakubu,6
olalekan,8
yahaya,6
okoye,5
adewale,7
chukwu,6
okeke,5
bashir,6
adeniyi,7
patrick,7
aminu,5
olamide,7
kehinde,7
