rahul,5
amit,4
abhishek,8
deepak,6
rohit,5
ashish,6
ankit,5
ravi,4
gaurav,6
manish,6
sandeep,7
ajay,4
rajesh,6
vishal,6
shubham,7
sanjay,6
sunil,5
vivek,5
aditya,6
pankaj,6
rakesh,6
arun,4
anil,4
sachin,6
akash,5
vijay,5
vikas,5
saurabh,7
sumit,5
aman,4
manoj,5
prashant,8
mohit,5
akshay,6
raj,3
nikhil,6
shivam,6
dinesh,6
himanshu,8
mukesh,6
pradeep,7
nitin,5
mohd,4
santosh,7
praveen,7
anand,5
suraj,5
krishna,7
sagar,5
mahesh,6
karan,5
sahil,5
naveen,6
pawan,5
vinay,5
harsh,5
vinod,5
mohammad,8
neha,4
mohammed,8
yash,4
mayank,6
ramesh,6
anurag,6
ashok,5
yogesh,6
sonu,4
ashutosh,8
varun,5
neeraj,6
arvind,6
suresh,6
vaibhav,7
prakash,7
atul,4
kunal,5
jitendra,8
priyanka,8
alok,4
prince,6
chandan,7
avinash,7
arjun,5
piyush,6
ankur,5
rohan,5
siddharth,9
ayush,5
sameer,6
anuj,4
ganesh,6
vikram,6
satish,6
ram,3
pooja,5
abhinav,7
sanjeev,7
vikash,6
harish,6
imran,5
rajeev,6
kiran,5
rishabh,7
sunny,5
rajat,5
pratik,6
tarun,5
kuldeep,7
priya,5
raja,4
kamal,5
suman,5
sai,3
vicky,5
prem,4
divya,5
ankita,6
anjali,6
roshan,6
shiva,5
jyoti,5
swati,5
aditi,5
shreya,6
shweta,6
surya,5
shivani,7
shruti,6
nidhi,5
riya,4
sakshi,6
sneha,5
shashi,6
anmol,5
mani,4
abhi,4
preeti,6
navneet,7
shekhar,7
simran,6
nisha,5
manisha,7
kundan,6
mukul,5
poonam,6
komal,5
richa,5
rashmi,6
megha,5
mehul,5
satya,5
monika,6
monu,4
pallavi,7
archana,7
madhu,5
kajal,5
ashu,4
soumya,6
chaitanya,9
ritu,4
aishwarya,9
shikha,6
parveen,7
deepika,7
ananya,6
sonali,6
anu,3
kavita,6
anita,5
shalini,7
bala,4
payal,5
prachi,6
ritika,6
seema,5
akanksha,8
rinku,5
anshu,5
lovely,6
radhika,7
mansi,5
puja,4
sonal,5
murali,6
pranjal,7
subrata,7
varsha,6
sunita,6
honey,5
sonia,5
shilpa,6
ayushi,6
parul,5
sonam,5
sapna,5
isha,4
happy,5
jaya,4
mamta,5
david,5
chris,5
michael,7
john,4
mike,4
andrew,6
mark,4
paul,4
sarah,5
ryan,4
james,5
kevin,5
alex,4
jason,5
matt,4
daniel,6
steve,5
jennifer,8
scott,5
robert,6
jeff,4
adam,4
eric,4
peter,5
justin,6
dave,4
michelle,8
dan,3
lisa,4
matthew,7
brian,5
richard,7
laura,5
jessica,7
patrick,7
rob,3
jonathan,8
sean,4
stephanie,9
nick,4
amanda,6
stephen,7
martin,6
kyle,4
nicole,6
tim,3
julie,5
ian,3
karen,5
tom,3
ben,3
emily,5
sam,3
greg,4
melissa,7
heather,7
simon,5
joe,3
jordan,6
kelly,5
kim,3
ashley,6
josh,4
christine,9
tyler,5
andrea,6
marc,4
amy,3
jamie,5
steven,6
jim,3
christopher,11
brad,4
anthony,7
aaron,5
thomas,6
susan,5
rachel,6
shawn,5
jeremy,6
catherine,9
craig,5
tony,4
erin,4
jay,3
rebecca,7
kate,4
melanie,7
andy,4
ken,3
william,7
brandon,7
bill,4
katie,5
emma,4
jon,3
derek,5
christian,9
megan,5
colin,5
linda,5
samantha,8
trevor,6
jack,4
gary,4
angela,6
danielle,8
lauren,6
nathan,6
nancy,5
sara,4
george,6
shannon,7
sandra,6
anna,4
elizabeth,9
frank,5
caroline,8
pierre,6
natalie,7
bob,3
michel,6
mathieu,7
charles,7
mary,4
darren,6
joel,4
francois,8
rick,4
phil,4
jesse,5
doug,4
neil,4
julia,5
joshua,6
andre,5
maria,5
victoria,8
sophie,6
christina,9
vanessa,7
patricia,8
jane,4
wendy,5
anne,4
hannah,6
valerie,7
sharon,6
louise,6
tara,4
alexandra,9
alison,6
diane,5
jenny,5
helen,5
annie,5
isabelle,8
cheryl,6
joanne,6
cindy,5
tanya,5
natasha,7
katherine,9
nathalie,8
donna,5
tina,4
brittany,8
kathy,5
janet,5
liz,3
lori,4
sue,3
denise,6
genevieve,9
suzanne,7
cathy,5
charlotte,9
diana,5
jenn,4
crystal,7
debbie,6
brenda,6
holly,5
amber,5
jill,4
kayla,5
carolyn,7
sabrina,7
cynthia,7
tammy,5
krista,6
shelley,7
chelsea,7
paula,5
chantal,7
chloe,5
jenna,5
kathleen,8
leah,4
pamela,6
wang,4
leo,3
zhang,5
chen,4
vincent,7
li,2
jerry,5
allen,5
liu,3
alan,4
wei,3
bruce,5
alice,5
yang,4
jacky,5
victor,6
leon,4
henry,5
grace,5
lee,3
lily,4
jimmy,5
ray,3
yu,2
china,5
harry,5
will,4
lei,3
xiao,4
jessie,6
xu,2
johnny,6
ivy,3
robin,5
lin,3
vivian,6
terry,5
daisy,5
max,3
joseph,6
lucy,4
yan,3
louis,5
ivan,4
peng,4
fiona,5
sun,3
jeffrey,7
maggie,6
gavin,5
roger,5
jun,3
edward,6
sophia,6
feng,4
yi,2
samuel,6
roy,3
iris,4
felix,5
lu,2
hao,3
joyce,5
joy,3
rita,4
cherry,6
jing,4
xin,3
tracy,5
bella,5
shirley,7
lynn,4
summer,6
eva,3
candy,5
claire,6
jackie,6
monica,6
lena,4
sandy,5
ada,3
elaine,6
sally,5
echo,4
sherry,6
coco,4
doris,5
beijing,7
zoe,3
carol,5
judy,4
may,3
zhu,3
mia,3
ahmed,5
mohamed,7
muhammad,8
ali,3
ahmad,5
mahmoud,7
omar,4
ibrahim,7
hassan,6
faisal,6
khaled,6
khalid,6
abdullah,8
usman,5
abdul,5
adnan,5
syed,4
rana,4
waqas,5
saeed,5
asif,4
amir,4
mohamad,7
bilal,5
salman,6
abu,3
malik,5
shahid,6
irfan,5
al,2
tariq,5
karim,5
zeeshan,7
amr,3
mustafa,7
abdulla,7
alaa,4
kashif,6
naveed,6
asad,4
fahad,5
rami,4
samer,5
yasir,5
bu,2
adil,4
tarek,5
rashid,6
noor,4
zahid,5
hamza,5
rizwan,6
mostafa,7
osama,5
nasir,5
muhammed,8
nadeem,6
ashraf,6
kamran,6
umair,5
hasan,5
fadi,4
umar,4
waleed,6
sami,4
saad,4
mariam,6
waseem,6
shahzad,7
junaid,6
maryam,6
tahir,5
ayman,5
aamir,5
ammar,5
anas,4
fatima,6
reem,4
ismail,6
sajid,5
sultan,6
aisha,5
farah,5
asma,4
aya,3
mona,4
amal,4
nada,4
dina,4
nour,4
sana,4
nadia,5
um,2
maha,4
heba,4
salma,5
rania,5
dana,4
fatma,5
ayesha,6
eman,4
zainab,6
lina,4
samar,5
mina,4
qamar,5
rasha,5
moe,3
rawan,5
ana,3
marwa,5
hanan,5
hala,4
dalia,5
manal,5
zeina,5
jo,2
abrar,5
nadine,6
yasmin,6
zahra,5
hiba,4
lubna,5
amira,5
maya,4
yara,4
emmanuel,8
abubakar,8
king,4
abdullahi,9
yusuf,5
aliyu,5
musa,4
mustapha,8
adebayo,7
kingsley,8
precious,8
blessing,8
godwin,6
femi,4
don,3
aminu,5
young,5
sunday,6
bello,5
queen,5
emeka,5
isaac,5
abiodun,7
taiwo,5
adeyemi,7
solomon,7
babatunde,9
francis,7
kelvin,6
moses,5
suleiman,8
idris,5
uche,4
tunde,5
gabriel,7
ifeanyi,7
bashir,6
kayode,6
adewale,7
sani,4
temitope,8
segun,5
adekunle,8
adamu,5
princess,8
favour,6
esther,6
damilola,8
abba,4
benjamin,8
faith,5
stanley,7
adeniyi,7
olawale,7
kehinde,7
samson,6
abdulrahman,11
micheal,7
afolabi,7
olanrewaju,10
ajayi,5
ayodele,7
ayo,3
oluwaseun,9
chinedu,7
williams,8
israel,6
mubarak,7
johnson,7
opeyemi,7
bright,6
collins,7
sadiq,5
adeola,6
abiola,6
olayinka,8
lil,3
mercy,5
promise,7
haruna,6
ayomide,7
chioma,6
gift,4
emmy,4
nura,4
peace,5
miracle,7
abimbola,8
tolulope,8
destiny,7
ruth,4
juliet,6
adebisi,7
shola,5
jide,4
eniola,6
pretty,6
chisom,6
deborah,7
chika,5
hope,4
valentine,9
amaka,5
praise,6
gloria,6
glory,5
divine,6
stella,6
sweet,5
bukola,6
yinka,5
sanni,5
sugar,5
toyin,5
olu,3
amina,5
olaitan,7
bayo,4
ifeoluwa,8
success,7
patience,8
naija,5
akande,6
ifeoma,6
hauwa,5
chidinma,8
ella,4
ani,3
abbey,5
bola,4
ijeoma,6
yetunde,7
oga,3
oni,3
